{
  "displayName": "Firestore Operation Alerts",
  "notificationChannels": [

  ],
  "documentation": {
    "content": "This email is generated due to a value on Firestore Read, Write or Delete has exceeded the threshold.",
    "mimeType": "text/markdown"
  },
  "combiner": "OR",
  "conditions": [
    {
      "displayName": "Document Reads [SUM]",
      "conditionThreshold": {
        "aggregations": [
          {
            "alignmentPeriod": "60s",
            "crossSeriesReducer": "REDUCE_SUM",
            "perSeriesAligner": "ALIGN_SUM"
          }
        ],
        "comparison": "COMPARISON_GT",
        "duration": "60s",
        "filter": "metric.type=\"firestore.googleapis.com/document/read_count\" resource.type=\"firestore_instance\"",
        "thresholdValue": 1000000.0,
        "trigger": {
          "count": 1
        }
      }
    },
    {
      "displayName": "Document Writes [SUM]",
      "conditionThreshold": {
        "aggregations": [
          {
            "alignmentPeriod": "60s",
            "crossSeriesReducer": "REDUCE_SUM",
            "perSeriesAligner": "ALIGN_SUM"
          }
        ],
        "comparison": "COMPARISON_GT",
        "duration": "60s",
        "filter": "metric.type=\"firestore.googleapis.com/document/write_count\" resource.type=\"firestore_instance\"",
        "thresholdValue": 1000000.0,
        "trigger": {
          "count": 1
        }
      }
    },
    {
      "displayName": "Document Deletes [SUM]",
      "conditionThreshold": {
        "aggregations": [
          {
            "alignmentPeriod": "60s",
            "crossSeriesReducer": "REDUCE_SUM",
            "perSeriesAligner": "ALIGN_SUM"
          }
        ],
        "comparison": "COMPARISON_GT",
        "duration": "60s",
        "filter": "metric.type=\"firestore.googleapis.com/document/delete_count\" resource.type=\"firestore_instance\"",
        "thresholdValue": 1000000.0,
        "trigger": {
          "count": 1
        }
      }
    }
  ]
}