{
    "displayName": "Threshold Function - Failure",
    "notificationChannels": [

    ],
    "documentation": {
      "content": "This email notification was generated due to the Update Threshold cloud function has encountered an error. ",
      "mimeType": "text/markdown"
    },
    "combiner": "OR",
      "conditions": [
        {
          "displayName": "Cloud Function Error",
          "conditionThreshold": {
            "aggregations": [
              {
                "alignmentPeriod": "60s",
                "crossSeriesReducer": "REDUCE_COUNT",
                "groupByFields": [
                  "metric.label.status"        
                ],
                "perSeriesAligner": "ALIGN_SUM"
              }
            ],
            "comparison": "COMPARISON_GT",     
            "duration": "60s",
            "filter": "metric.type=\"cloudfunctions.googleapis.com/function/execution_count\" resource.type=\"cloud_function\" metric.label.\"status\"=\"error\" resource.label.\"function_name\"=\"<UPDATE_THRESHOLD_CF_NAME>\"",
            "trigger": {
              "percent": 100.0
            }
          }
        },
        {
          "displayName": "Cloud Function Timeout",
          "conditionThreshold": {
            "aggregations": [
              {
                "alignmentPeriod": "60s",
                "crossSeriesReducer": "REDUCE_COUNT",
                "groupByFields": [
                  "metric.label.status"
                ],
                "perSeriesAligner": "ALIGN_SUM"
              }
            ],
            "comparison": "COMPARISON_GT",
            "duration": "60s",
            "filter": "metric.type=\"cloudfunctions.googleapis.com/function/execution_count\" resource.type=\"cloud_function\" metric.label.\"status\"=\"timeout\" resource.label.\"function_name\"=\"<UPDATE_THRESHOLD_CF_NAME>\"",
            "trigger": {
              "percent": 100.0
            }
          }
        }
      ]
}