{
  "displayName": "Firestore - Operations",
  "gridLayout": {
    "columns": "2",
    "widgets": [
      {
        "title": "Requests by Api Method [SUM]",
        "xyChart": {
          "dataSets": [
            {
              "timeSeriesQuery": {
                "timeSeriesFilter": {
                  "filter": "metric.type=\"firestore.googleapis.com/api/request_count\" resource.type=\"datastore_request\"",
                  "aggregation": {
                    "perSeriesAligner": "ALIGN_SUM",
                    "crossSeriesReducer": "REDUCE_SUM",
                    "groupByFields": [
                      "metric.label.\"api_method\""
                    ]
                  },
                  "secondaryAggregation": {}
                },
                "unitOverride": "1"
              },
              "plotType": "STACKED_BAR",
              "minAlignmentPeriod": "60s"
            }
          ],
          "timeshiftDuration": "0s",
          "yAxis": {
            "label": "y1Axis",
            "scale": "LINEAR"
          },
          "chartOptions": {
            "mode": "COLOR"
          }
        }
      },
      {
        "title": "Document Reads [SUM]",
        "xyChart": {
          "dataSets": [
            {
              "timeSeriesQuery": {
                "timeSeriesFilter": {
                  "filter": "metric.type=\"firestore.googleapis.com/document/read_count\" resource.type=\"firestore_instance\"",
                  "aggregation": {
                    "perSeriesAligner": "ALIGN_SUM",
                    "crossSeriesReducer": "REDUCE_SUM"
                  },
                  "secondaryAggregation": {}
                },
                "unitOverride": "1"
              },
              "plotType": "LINE",
              "minAlignmentPeriod": "60s"
            }
          ],
          "timeshiftDuration": "0s",
          "yAxis": {
            "label": "y1Axis",
            "scale": "LINEAR"
          },
          "chartOptions": {
            "mode": "COLOR"
          }
        }
      },
      {
        "title": "Document Writes [SUM]",
        "xyChart": {
          "dataSets": [
            {
              "timeSeriesQuery": {
                "timeSeriesFilter": {
                  "filter": "metric.type=\"firestore.googleapis.com/document/write_count\" resource.type=\"firestore_instance\"",
                  "aggregation": {
                    "perSeriesAligner": "ALIGN_SUM",
                    "crossSeriesReducer": "REDUCE_SUM"
                  },
                  "secondaryAggregation": {}
                },
                "unitOverride": "1"
              },
              "plotType": "LINE",
              "minAlignmentPeriod": "60s"
            }
          ],
          "timeshiftDuration": "0s",
          "yAxis": {
            "label": "y1Axis",
            "scale": "LINEAR"
          },
          "chartOptions": {
            "mode": "COLOR"
          }
        }
      },
      {
        "title": "Document Deletes [SUM]",
        "xyChart": {
          "dataSets": [
            {
              "timeSeriesQuery": {
                "timeSeriesFilter": {
                  "filter": "metric.type=\"firestore.googleapis.com/document/delete_count\" resource.type=\"firestore_instance\"",
                  "aggregation": {
                    "perSeriesAligner": "ALIGN_SUM",
                    "crossSeriesReducer": "REDUCE_SUM"
                  },
                  "secondaryAggregation": {}
                },
                "unitOverride": "1"
              },
              "plotType": "LINE",
              "minAlignmentPeriod": "60s"
            }
          ],
          "timeshiftDuration": "0s",
          "yAxis": {
            "label": "y1Axis",
            "scale": "LINEAR"
          },
          "chartOptions": {
            "mode": "COLOR"
          }
        }
      },
      {
        "title": "Connected Clients by module [SUM]",
        "xyChart": {
          "dataSets": [
            {
              "timeSeriesQuery": {
                "timeSeriesFilter": {
                  "filter": "metric.type=\"firestore.googleapis.com/network/active_connections\" resource.type=\"firestore_instance\"",
                  "aggregation": {
                    "perSeriesAligner": "ALIGN_SUM",
                    "crossSeriesReducer": "REDUCE_SUM",
                    "groupByFields": [
                      "metric.label.\"module\""
                    ]
                  },
                  "secondaryAggregation": {}
                },
                "unitOverride": "1"
              },
              "plotType": "LINE",
              "minAlignmentPeriod": "60s"
            }
          ],
          "timeshiftDuration": "0s",
          "yAxis": {
            "label": "y1Axis",
            "scale": "LINEAR"
          },
          "chartOptions": {
            "mode": "COLOR"
          }
        }
      },
      {
        "title": "Listeners by modules",
        "xyChart": {
          "dataSets": [
            {
              "timeSeriesQuery": {
                "timeSeriesFilter": {
                  "filter": "metric.type=\"firestore.googleapis.com/network/snapshot_listeners\" resource.type=\"firestore_instance\"",
                  "aggregation": {
                    "perSeriesAligner": "ALIGN_SUM",
                    "crossSeriesReducer": "REDUCE_SUM",
                    "groupByFields": [
                      "metric.label.\"module\""
                    ]
                  },
                  "secondaryAggregation": {}
                },
                "unitOverride": "1"
              },
              "plotType": "LINE",
              "minAlignmentPeriod": "60s"
            }
          ],
          "timeshiftDuration": "0s",
          "yAxis": {
            "label": "y1Axis",
            "scale": "LINEAR"
          },
          "chartOptions": {
            "mode": "COLOR"
          }
        }
      }
    ]
  }
}
