{
    "id": "c34d5b60-20eb-47e3-8aca-67f51da06639",
    "name": "CIODaaSNoSQLCloudFirestoreSolutionsCartridge",
    "friendlyName": "DaaS NoSQL Cloud Firestore Solutions Cartridge",
    "description": "Create resources in Azure DevOps to deploy DaaS NoSQL's Cloud Firestore Solutions",
    "helpMarkDown": "",
    "category": "Utility",
    "visibility": [
        "Build"
    ],
    "demands": [],
    "author": "CIO DaaS NoSQL",
    "version": {
        "Major": 0,
        "Minor": 1,
        "Patch": 0
    },
    "minimumAgentVersion": "1.95.0",
    "instanceNameFormat": "CIODaaSNoSQLCloudFirestoreSolutionsCartridge",
    "inputs": [
        {
            "name": "AirID",
            "type": "string",
            "label": "AIR ID",
            "defaultValue": "",
            "required": true,
            "helpMarkDown": "App Team's AIR ID"
        },
        {
            "name": "AppName",
            "type": "string",
            "label": "App Name",
            "defaultValue": "",
            "required": true,
            "helpMarkDown": "App Name"
        },
        {
            "name": "SolutionToDeploy",
            "type": "pickList",
            "label": "Solution to Deploy/Use",
            "defaultValue": "",
            "options":{
                "BackupRestore": "Backup and Restore Solution"
            },
            "required": true,
            "helpMarkDown": "Solution that you want to deploy/use"
        },
        {
            "name": "OperationToPerform",
            "type": "pickList",
            "label": "What do you want to do?",
            "defaultValue": "",
            "options": {
                "SetupResources": "Setup Resources for the Deployment of the Backup and Restore Solution",
                "AdhocBackup": "Perform Backup",
                "AdhocRestore": "Perform Restore"
            },
            "required": true,
            "helpMarkDown": "Select whether you want to setup the resources to deploy the solution, perform adhoc backup, or perform adhoc restore",
            "visibleRule": "SolutionToDeploy = BackupRestore"

        },
        {
            "name": "SetupOptions",
            "type": "radio",
            "label": "Setup Resources to deploy the Backup and Restore Solution",
            "defaultValue": "",
            "options":{
                "FirstTime": "Setup Resources to deploy the Backup and Restore Solution for the first time",
                "OtherEnv": "Setup Resources to deploy the Backup and Restore Solution to other environments",
                "Redeploy": "Setup Resources to redeploy the Backup and Restore Solution to another GCP Project"
            },
            "required": true,
            "helpMarkDown": "Select whether you are setting up the resources for the first time, promoting to other environments or redeploying to a new GCP Project",
            "visibleRule": "OperationToPerform = SetupResources"

        },
        {
            "name": "AdhocBackupOptions",
            "type": "radio",
            "label": "Perform Backup",
            "defaultValue": "",
            "options":{
                "BackupSpecificCollection": "Specific Collection/s",
                "BackupAllCollection": "All Collections"
            },
            "required": true,
            "helpMarkDown": "Select whether you are performing adhoc backup on a specific collection or for all collection",
            "visibleRule": "OperationToPerform = AdhocBackup"

        },
        {
            "name": "AdhocRestoreOptions",
            "type": "radio",
            "label": "Perform Restore",
            "defaultValue": "",
            "options":{
                "RestoreSpecificCollection": "Specific Collection/s",
                "RestoreAllCollection": "All Collections"
            },
            "required": true,
            "helpMarkDown": "Select whether you are performing adhoc restore on a specific collection or for all collection",
            "visibleRule": "OperationToPerform = AdhocRestore"

        },
        {
            "name": "Repository",
            "type": "string",
            "label": "Repository",
            "defaultValue": "",
            "required": true,
            "helpMarkDown": "Existing Azure Git Repository where the config file is located",
            "visibleRule": "SetupOptions = FirstTime || SetupOptions = OtherEnv || SetupOptions = Redeploy || AdhocRestoreOptions = RestoreSpecificCollection || AdhocRestoreOptions = RestoreAllCollection || AdhocBackupOptions = BackupSpecificCollection || AdhocBackupOptions = BackupAllCollection"
        },
        {
            "name": "ConfigFile",
            "type": "string",
            "label": "Configuration File",
            "defaultValue": "",
            "required": true,
            "helpMarkDown": "Name of the JSON Configuration File",
            "visibleRule": "SetupOptions = FirstTime || SetupOptions = OtherEnv || SetupOptions = Redeploy || AdhocRestoreOptions = RestoreSpecificCollection || AdhocRestoreOptions = RestoreAllCollection || AdhocBackupOptions = BackupSpecificCollection || AdhocBackupOptions = BackupAllCollection"
        }
    ],
    "execution": {
        "PowerShell": {
            "target": "DaaSNoSQL-Cartridge-Main.ps1",
            "argumentFormat": "",
            "workingDirectory": "$(currentDirectory)"
        },
        "Node10": {
            "target": "index.js",
            "argumentFormat": ""
        }
    }
}