{
  "displayName": "Firestore - Backup and Restore",
  "gridLayout": {
    "columns": "2",
    "widgets": [
      {
        "title": "Success Backup Instance [SUM]",
        "xyChart": {
          "chartOptions": {
            "mode": "COLOR"
          },
          "dataSets": [
            {
              "minAlignmentPeriod": "60s",
              "plotType": "STACKED_BAR",
              "timeSeriesQuery": {
                "timeSeriesFilter": {
                  "aggregation": {
                    "crossSeriesReducer": "REDUCE_SUM",
                    "perSeriesAligner": "ALIGN_SUM"
                  },
                  "filter": "metric.type=\"custom.googleapis.com/firestore/verify_successbackup_instance\" resource.type=\"global\"",
                  "secondaryAggregation": {}
                },
                "unitOverride": "{Count}"
              }
            }
          ],
          "timeshiftDuration": "0s",
          "yAxis": {
            "label": "y1Axis",
            "scale": "LINEAR"
          }
        }
      },
      {
        "title": "Failed Backup Instance [SUM]",
        "xyChart": {
          "chartOptions": {
            "mode": "COLOR"
          },
          "dataSets": [
            {
              "minAlignmentPeriod": "60s",
              "plotType": "STACKED_BAR",
              "timeSeriesQuery": {
                "timeSeriesFilter": {
                  "aggregation": {
                    "crossSeriesReducer": "REDUCE_SUM",
                    "perSeriesAligner": "ALIGN_SUM"
                  },
                  "filter": "metric.type=\"custom.googleapis.com/firestore/failedbackup_instance\" resource.type=\"global\"",
                  "secondaryAggregation": {}
                },
                "unitOverride": "{Count}"
              }
            }
          ],
          "timeshiftDuration": "0s",
          "yAxis": {
            "label": "y1Axis",
            "scale": "LINEAR"
          }
        }
      },
      {
        "title": "Failed Verify Backup Instance [SUM]",
        "xyChart": {
          "chartOptions": {
            "mode": "COLOR"
          },
          "dataSets": [
            {
              "minAlignmentPeriod": "60s",
              "plotType": "STACKED_BAR",
              "timeSeriesQuery": {
                "timeSeriesFilter": {
                  "aggregation": {
                    "crossSeriesReducer": "REDUCE_SUM",
                    "perSeriesAligner": "ALIGN_SUM"
                  },
                  "filter": "metric.type=\"custom.googleapis.com/firestore/verify_failedbackup_instance\" resource.type=\"global\"",
                  "secondaryAggregation": {}
                },
                "unitOverride": "{Count}"
              }
            }
          ],
          "timeshiftDuration": "0s",
          "yAxis": {
            "label": "y1Axis",
            "scale": "LINEAR"
          }
        }
      }
    ]
  }
}