{
  "displayName": "Firestore Backup and Restore Alerts",
  "notificationChannels": [

  ],
  "documentation": {
    "content": "This email is generated due to error on the Firestore Backup/Restore Operation.",
    "mimeType": "text/markdown"
  },
  "combiner": "OR",
  "conditions": [
    {
      "displayName": "Backup Failed",
      "conditionThreshold": {
        "aggregations": [
          {
            "alignmentPeriod": "60s",
            "crossSeriesReducer": "REDUCE_SUM",
            "perSeriesAligner": "ALIGN_COUNT"
          }
        ],
        "comparison": "COMPARISON_GT",
        "duration": "60s",
        "filter": "metric.type=\"custom.googleapis.com/firestore/failedbackup_instance\" resource.type=\"global\"",
        "trigger": {
          "percent": 100.0
        }
      }
    },
    {
      "displayName": "Verify Function - Failed Instances",
      "conditionThreshold": {
        "aggregations": [
          {
            "alignmentPeriod": "60s",
            "crossSeriesReducer": "REDUCE_SUM",
            "perSeriesAligner": "ALIGN_COUNT"
          }
        ],
        "comparison": "COMPARISON_GT",
        "duration": "60s",
        "filter": "metric.type=\"custom.googleapis.com/firestore/verify_failedbackup_instance\" resource.type=\"global\"",
        "trigger": {
          "percent": 100.0
        }
      }
    },
    {
      "displayName": "Verify Function - Error",
      "conditionThreshold": {
        "aggregations": [
          {
            "alignmentPeriod": "60s",
            "crossSeriesReducer": "REDUCE_SUM",
            "perSeriesAligner": "ALIGN_COUNT"
          }
        ],
        "comparison": "COMPARISON_GT",
        "duration": "60s",
        "filter": "metric.type=\"cloudfunctions.googleapis.com/function/execution_count\" resource.type=\"cloud_function\" resource.label.\"function_name\"=\"<YOUR_CLOUD_FUNCTION_NAME>\" metric.label.\"status\"=\"error\"",
        "trigger": {
          "percent": 100.0
        }
      }
    }
  ]
}