 {
   "id": "",
   "description": "",
   "administratorsGroup": null,
   "authorization": {
     "parameters": {
       "username": "204a5216-c9bb-45c9-8697-692764c73cfc",
       "password": "~{ACR_BACKEND}~",
       "email": "",
       "registry": "https://acr5064.azurecr.io"
     },
     "scheme": "UsernamePassword"
   },
   "createdBy": null,
   "data": {
     "registrytype": "Others"
   },
   "name": "CIO-5064-Tfmod-Pull-ACR",
   "type": "dockerregistry",
   "url": "https://acr5064.azurecr.io",
   "readersGroup": null,
   "groupScopeId": null,
   "serviceEndpointProjectReferences": null,
   "operationStatus": null,
   "isShared": true, 
   "owner": "library"
 }