{
    "manifestVersion": 1,
    "id": "daasnosql-firestore-solutions-cartridge-build-release-task",
    "name": "DaaS NoSQL Cloud Firestore Solutions Cartridge",
    "version": "0.0.1",
    "publisher": "CIODaaSNoSQL",
    "targets": [
        {
            "id": "Microsoft.VisualStudio.Services"
        }
    ],    
    "description": "Tool to create resources for the deployment of DaaS NoSQL's Solutions",
    "categories": [
        "Azure Pipelines"
    ],
    "files": [
        {
            "path": "buildAndReleaseTask"
        }
    ],
    "contributions": [
        {
            "id": "custom-build-release-task",
            "type": "ms.vss-distributed-task.task",
            "targets": [
                "ms.vss-distributed-task.tasks"
            ],
            "properties": {
                "name": "buildAndReleaseTask"
            }
        }
    ]
}