{
  "variables": {
    "ENVIRONMENT": {
      "value": "~{Environment}~"
    },
    "FUNCTION_APP_EXECUTION_SERVICE_ACCOUNT": {
      "value": ""
    },
    "FUNCTION_AVAILABLE_MEMORY_MB": {
      "value": "256"
    },
    "FUNCTION_ENVIRONMENT_VARIABLES": {
      "value": "{}"
    },
    "FUNCTION_GOOGLE_FUNCTION_ENTRYPOINT": {
      "value": ""
    },
    "FUNCTION_GOOGLE_FUNCTION_NAME": {
      "value": ""
    },
    "FUNCTION_GOOGLE_STORAGE_BUCKET_NAME": {
      "value": ""
    },
    "FUNCTION_GOOGLE_STORAGE_BUCKET_OBJECT_NAME": {
      "value": ""
    },
    "FUNCTION_LABELS": {
      "value": "{}"
    },
    "FUNCTION_MAX_INSTANCES": {
      "value": "0"
    },
    "FUNCTION_PATH_TO_DATA_TO_UPLOAD": {
      "value": ""
    },
    "FUNCTION_REGION": {
      "value": "us-east1"
    },
    "FUNCTION_RUNTIME": {
      "value": "nodejs14"
    },
    "FUNCTION_SOURCE_DIR": {
      "value": ""
    },
    "FUNCTION_TIMEOUT": {
      "value": "60"
    },
    "FUNCTION_TRIGGER_EVENT": {
      "value": "{}"
    },
    "FUNCTION_TRIGGER_HTTP": {
      "value": ""
    },
    "GCP_ENV_NAME": {
      "value": "~{Envi}~"
    },
    "GCP_PROJECT_ID": {
      "value": ""
    },
    "GCP_PROJECT_NAME": {
      "value": ""
    },
    "PUBSUB_ACK_DEADLINE": {
      "value": "10"
    },
    "PUBSUB_AUDIENCE": {
      "value": ""
    },
    "PUBSUB_DELIVERY_TYPE": {
      "value": "Pull"
    },
    "PUBSUB_ENDPOINT_URL": {
      "value": ""
    },
    "PUBSUB_EXPIRATION_TTL": {
      "value": "2678400s"
    },
    "PUBSUB_INTENDED_EVENT_TYPE": {
      "value": "Application"
    },
    "PUBSUB_LABELS": {
      "value": "{}"
    },
    "PUBSUB_MESSAGE_RETENTION": {
      "value": "604800s"
    },
    "PUBSUB_PUBLISHER_SERVICE_ACCOUNTS": {
      "value": ""
    },
    "PUBSUB_PUSH_AUTH_SERVICE_ACCOUNT": {
      "value": ""
    },
    "PUBSUB_READ_ONLY_PUBLISHER_AD": {
      "value": "[]"
    },
    "PUBSUB_READ_ONLY_SUBSCRIBER_AD": {
      "value": "[]"
    },
    "PUBSUB_RESOURCES_TO_CREATE": {
      "value": "BOTH"
    },
    "PUBSUB_SUBSCRIBER_SERVICE_ACCOUNTS": {
      "value": ""
    },
    "PUBSUB_SUBSCRIPTION_NAME": {
      "value": ""
    },
    "PUBSUB_TOPIC_NAME": {
      "value": ""
    }
  },
  "type": "Vsts",
  "name": "~{AppName}~_Cloud2.0_~{Env}~",
  "description": "GCP ~{Env}~ environment variable group"
}