{
  "variables": {
    "ENVIRONMENT": {
      "value": "~{Environment}~"
    },
    "FUNCTION_APP_EXECUTION_SERVICE_ACCOUNT": {
      "value": "~{RuntimeSA}~"
    },
    "FUNCTION_AVAILABLE_MEMORY_MB": {
      "value": "256"
    },
    "FUNCTION_ENVIRONMENT_VARIABLES": {
      "value": "{~{EnvVar}~}"
    },
    "FUNCTION_GOOGLE_FUNCTION_ENTRYPOINT": {
      "value": "~{FunctionEntryPoint}~"
    },
    "FUNCTION_GOOGLE_FUNCTION_NAME": {
      "value": "~{FunctionName}~"
    },
    "FUNCTION_GOOGLE_STORAGE_BUCKET_NAME": {
      "value": "~{BucketName}~"
    },
    "FUNCTION_GOOGLE_STORAGE_BUCKET_OBJECT_NAME": {
      "value": "~{StorageObjName}~"
    },
    "FUNCTION_LABELS": {
      "value": "{}"
    },
    "FUNCTION_MAX_INSTANCES": {
      "value": "0"
    },
    "FUNCTION_PATH_TO_DATA_TO_UPLOAD": {
      "value": "~{PathToDataToUpload}~"
    },
    "FUNCTION_REGION": {
      "value": "us-east1"
    },
    "FUNCTION_RUNTIME": {
      "value": "nodejs14"
    },
    "FUNCTION_SOURCE_DIR": {
      "value": "~{SourceDir}~"
    },
    "FUNCTION_TIMEOUT": {
      "value": "60"
    },
    "FUNCTION_TRIGGER_EVENT": {
      "value": "~{TriggerEvent}~"
    },
    "FUNCTION_TRIGGER_HTTP": {
      "value": "~{TriggerHTTP}~"
    },
    "GCP_ENV_NAME": {
      "value": "~{Envi}~"
    },
    "GCP_PROJECT_ID": {
      "value": "~{ProjectID}~"
    },
    "GCP_PROJECT_NAME": {
      "value": "~{ProjectName}~"
    },
    "GKE_AQUA_TOKEN_VALUE": {
      "value": ""
    },
    "PUBSUB_ACK_DEADLINE": {
      "value": "10"
    },
    "PUBSUB_AUDIENCE": {
      "value": ""
    },
    "PUBSUB_DELIVERY_TYPE": {
      "value": "Pull"
    },
    "PUBSUB_ENDPOINT_URL": {
      "value": ""
    },
    "PUBSUB_EXPIRATION_TTL": {
      "value": "2678400s"
    },
    "PUBSUB_INTENDED_EVENT_TYPE": {
      "value": "Application"
    },
    "PUBSUB_LABELS": {
      "value": "{}"
    },
    "PUBSUB_MESSAGE_RETENTION": {
      "value": "604800s"
    },
    "PUBSUB_PUBLISHER_SERVICE_ACCOUNTS": {
      "value": "~{PubsubPublisherSA}~"
    },
    "PUBSUB_PUSH_AUTH_SERVICE_ACCOUNT": {
      "value": ""
    },
    "PUBSUB_READ_ONLY_PUBLISHER_AD": {
      "value": "[]"
    },
    "PUBSUB_READ_ONLY_SUBSCRIBER_AD": {
      "value": "[]"
    },
    "PUBSUB_RESOURCES_TO_CREATE": {
      "value": "~{ResourceToCreate}~"
    },
    "PUBSUB_SUBSCRIBER_SERVICE_ACCOUNTS": {
      "value": "~{PubsubSubscriberSA}~"
    },
    "PUBSUB_SUBSCRIPTION_NAME": {
      "value": ""
    },
    "PUBSUB_TOPIC_NAME": {
      "value": "~{PubsubTopic}~"
    },
    "STORAGE_ADGROUP": {
      "value": "[]"
    },
    "STORAGE_CLASS": {
      "value": "~{StorageClass}~"
    },
    "STORAGE_FORCE_DESTROY": {
      "value": "true"
    },
    "STORAGE_LABELS": {
      "value": "{}"
    },
    "STORAGE_LIFECYCLE_AGE": {
      "value": "~{StorageLifecycle}~"
    },
    "STORAGE_LOCATION": {
      "value": "~{StorageLocation}~"
    },
    "STORAGE_NAME": {
      "value": "~{StorageName}~"
    },
    "STORAGE_NOTIFICATION_EVENT_TYPES": {
      "value": "[]"
    },
    "STORAGE_NOTIFICATION_OBJECT_NAME_PREFIX": {
      "value": ""
    },
    "STORAGE_NOTIFICATION_TOPIC_NAME": {
      "value": ""
    },
    "STORAGE_PERMISSIONS_CONFIG": {
      "value": "~{StoragePermissions}~"
    },
    "STORAGE_VERSIONING": {
      "value": "false"
    }
  },
  "type": "Vsts",
  "name": "~{VarGroupToUpdate}~",
  "description": "GCP ~{Env}~ environment variable group"
}