{
    "variables": {
        "GCP_PROJECT_ID": {
            "allowOverride": true, 
            "isSecret": false, 
            "value": "~{GCPProjectID}~"
        },
        "GCP_CREDENTIAL_FILE": {
            "allowOverride": true, 
                "isSecret": false, 
                "value": "~{GCPCredFile}~"
        },
        "SR_ACCT_CLIENT_EMAIL": {
                "allowOverride": true, 
                "isSecret": false, 
                "value": "~{DefaultSAClientEmail}~"
        }
    }, 
    "properties": {
        "templateId": "blank", 
        "templateCategory": "Empty", 
        "source": "others"
    }, 
    "tags": [ ], 
    "jobAuthorizationScope": 1, 
    "process": {
        "type": 2, 
        "target": {
            "agentSpecification": {
                "metadataDocument": "https://mmsprodwus21.vstsmms.visualstudio.com/_apis/mms/images/VS2017/metadata", 
                "identifier": "vs2017-win2016", 
                "url": "https://mmsprodwus21.vstsmms.visualstudio.com/_apis/mms/images/VS2017"
            }
        }, 
        "resources": { }, 
        "yamlFilename": "~{AzurePipelineYmlFileName}~"
    }, 
    "drafts": [ ], 
    "url": "https://~{AzureDevOpsOrg}~.visualstudio.com/_apis/build/Definitions/0", 
    "uri": "vstfs:///Build/Definition/0", 
    "type": 2, 
    "queueStatus": 0, 
    "project": {
        "id": "~{AzureDevOpsProjectID}~", 
        "name": "~{AzureDevOpsProjectName}~", 
        "url": "https://~{AzureDevOpsOrg}~.visualstudio.com/_apis/projects/~{AzureDevOpsProjectID}~", 
        "state": "wellFormed", 
        "visibility": 1
    }, 
    "id": -1, 
    "queue": {
        "name": "Azure Pipelines"
    }, 
    "name": "~{AzureDevOpsPipelineName}~", 
    "repository": {
        "properties": {
            "cleanOptions": "0", 
            "labelSources": "0", 
            "labelSourcesFormat": "$(build.buildNumber)", 
            "reportBuildStatus": "true", 
            "gitLfsSupport": "false", 
            "skipSyncSource": "false", 
            "checkoutNestedSubmodules": "false", 
            "fetchDepth": "0"
        }, 
        "clean": "false", 
        "type": "TfsGit", 
        "checkoutSubmodules": false, 
        "defaultBranch": "refs/heads/master", 
        "id": "~{AzureDevOpsRepoId}~", 
        "url": "https://~{AzureDevOpsOrg}~.visualstudio.com/~{AzureDevOpsProjectName}~/_git/~{AzureDevOpsRepoName}~", 
        "name": "~{AzureDevOpsRepoName}~"
    }, 
    "retentionSettings": {
        "defaultRetentionPolicy": {
            "branches": [
                "+refs/heads/*"
            ], 
            "artifacts": [ ], 
            "artifactTypesToDelete": [
                "FilePath", 
                "SymbolStore", 
                "SymbolRequest", 
                "PipelineArtifact"
            ], 
            "daysToKeep": 10, 
            "minimumToKeep": 1, 
            "deleteBuildRecord": true, 
            "deleteTestResults": true
        }, 
        "maximumRetentionPolicy": {
            "branches": [
                "+refs/heads/*"
            ], 
            "artifacts": [ ], 
            "artifactTypesToDelete": [
                "FilePath", 
                "SymbolStore"
            ], 
            "daysToKeep": 30, 
            "minimumToKeep": 10, 
            "deleteBuildRecord": true, 
            "deleteTestResults": true
        }, 
        "daysToKeepDeletedBuildsBeforeDestroy": 30
    }, 
    "path": "\\~{Folder}~", 
    "jobTimeoutInMinutes": 60, 
    "badgeEnabled": false,
    "jobCancelTimeoutInMinutes": 5, 
    "retentionRules": null, 
    "variableGroups": [ ], 
    "demands": [ ], 
    "comment": "", 
    "quality": 1
}